Codon,Alpha
GCA,871.102065457961
GCC,417.367455973948
GCG,4889.72222839148
GCT,110.606674377821
TGC,1526.11574023269
TGT,604.351168755689
GAC,411.315851556588
GAT,260.733538918879
GAA,176.941802983327
GAG,803.649121569484
TTC,178.053548997647
TTT,128.405088200233
GGA,3906.62642197152
GGC,1949.14113699706
GGG,22119.6671086511
GGT,101.386576084533
CAC,226.052841244886
CAT,651.845960350487
ATA,909.043231756148
ATC,369.045995104962
ATT,245.943157722942
AAA,432.994965854278
AAG,234.446650966835
CTA,559.609130061277
CTC,2859.73995826122
CTG,894.116486366438
CTT,595.067494277948
TTA,244.65588937583
TTG,131.664673343064
ATG,456.664179668835
AAC,288.644986106511
AAT,411.283209370627
CCA,231.154305083271
CCC,2152.71218080248
CCG,1483.80819246368
CCT,369.173246599325
CAA,127.680847230785
CAG,1061.81263239448
AGA,507.834627899077
AGG,1299.93046044789
CGA,11458.7116036091
CGC,3651.67243857557
CGG,8810.62221348471
CGT,992.117861384378
TCA,714.860535836238
TCC,230.037354852032
TCG,2664.9067687974
TCT,218.590883741554
ACA,741.431379017004
ACC,179.193925105543
ACG,1574.50957257632
ACT,286.389586473249
GTA,4512.51111105311
GTC,333.415059923991
GTG,1513.37684193596
GTT,191.250384025992
TGG,835.139752664122
TAC,215.945980146189
TAT,1125.95387499895
AGC,2138.89185150566
AGT,805.764110443572
