Codon,LambdaPrime
GCA,0.0947063720746037
GCC,0.104226973929009
GCG,0.0665755849833954
GCT,0.0947063720746037
TGC,0.111708544493831
TGT,0.0947063720746037
GAC,0.0992495027085025
GAT,0.0947063720746037
GAA,0.146329870213269
GAG,0.0947063720746037
TTC,0.0803245647800704
TTT,0.0947063720746037
GGA,0.0786642450138579
GGC,0.0554485687238894
GGG,0.0558101053708993
GGT,0.0947063720746037
CAC,0.118850633020592
CAT,0.0947063720746037
ATA,0.125705733113626
ATC,0.0530529194788733
ATT,0.0947063720746037
AAA,0.059630071925321
AAG,0.0947063720746037
CTA,0.0496898930319064
CTC,0.0586371831123308
CTG,0.236398961090363
CTT,0.245379609845376
TTA,0.113895748154166
TTG,0.0947063720746037
ATG,0.0947063720746037
AAC,0.114543316890927
AAT,0.0947063720746037
CCA,0.0934137796492104
CCC,0.0509927765987316
CCG,0.05693626639363
CCT,0.0947063720746037
CAA,0.133233272169142
CAG,0.0947063720746037
AGA,0.124415769558778
AGG,0.0774115381773679
CGA,0.128139007394662
CGC,0.151242912401149
CGG,0.0984493163698399
CGT,0.0947063720746037
TCA,0.0946992483059578
TCC,0.0773602896490451
TCG,0.0976434459591538
TCT,0.0947063720746037
ACA,0.0677158505497514
ACC,0.119787976978424
ACG,0.0453313616772162
ACT,0.0947063720746037
GTA,0.117490444528646
GTC,0.162900257596478
GTG,0.0857064127714158
GTT,0.0947063720746037
TGG,0.0947063720746037
TAC,0.0548811861207428
TAT,0.0947063720746037
AGC,0.0524624731576232
AGT,0.0947063720746037
