Codon,Alpha
GCA,1.01440685054525
GCC,0.895985488049938
GCG,0.889087031796846
GCT,1.01440685054525
TGC,0.866121625769915
TGT,1.01440685054525
GAC,0.907604334442374
GAT,1.01440685054525
GAA,0.957850621954504
GAG,1.01440685054525
TTC,0.919901716847156
TTT,1.01440685054525
GGA,0.81158032075003
GGC,0.869152699662487
GGG,1.03100113248321
GGT,1.01440685054525
CAC,0.833241816038256
CAT,1.01440685054525
ATA,0.879249172249585
ATC,0.803624528546075
ATT,1.01440685054525
AAA,0.743104680188193
AAG,1.01440685054525
CTA,0.998731018613803
CTC,0.63826575972651
CTG,0.790719107520969
CTT,0.855171030451758
TTA,0.996637126905055
TTG,1.01440685054525
ATG,1.01440685054525
AAC,0.877055931232313
AAT,1.01440685054525
CCA,0.782267940618756
CCC,0.78977366590005
CCG,0.817717367650631
CCT,1.01440685054525
CAA,0.95798917670614
CAG,1.01440685054525
AGA,1.03132859812334
AGG,0.939680856163982
CGA,0.944433204856313
CGC,0.865281741198023
CGG,0.860171580778412
CGT,1.01440685054525
TCA,0.910918172337157
TCC,0.830967028178051
TCG,0.898605743471256
TCT,1.01440685054525
ACA,0.774876182599922
ACC,0.935163257867236
ACG,0.868171884140825
ACT,1.01440685054525
GTA,0.860736971517402
GTC,0.736792170713898
GTG,0.934760762508615
GTT,1.01440685054525
TGG,1.01440685054525
TAC,0.741568098482136
TAT,1.01440685054525
AGC,0.989369933884199
AGT,1.01440685054525
