Codon,Alpha
GCA,6.67218213303763
GCC,4.95737449591454
GCG,7.87607784426416
GCT,2.4344983158539
TGC,16.9195251405791
TGT,6.58655500862409
GAC,2.68910971867444
GAT,3.44128928017954
GAA,1.60473875419948
GAG,5.19859438530036
TTC,2.91663628532942
TTT,4.41013732055485
GGA,7.24457644102179
GGC,6.84359223358263
GGG,8.4315464472772
GGT,2.0679599515957
CAC,12.0611347520801
CAT,11.3627188622857
ATA,11.031732114878
ATC,4.92438229341098
ATT,3.10041770023187
AAA,3.08230741958517
AAG,1.48402367771696
CTA,9.10419464247035
CTC,31.9747882788455
CTG,10.2834044648733
CTT,11.9857269981371
TTA,5.41362985361073
TTG,3.7431198617516
ATG,3.8591114581554
AAC,2.54513175169812
AAT,5.34179565707507
CCA,2.99024813741525
CCC,17.1735107080022
CCG,15.3485111429972
CCT,10.4576879718801
CAA,6.09626345148532
CAG,6.84641182203571
AGA,2.12769921822491
AGG,9.39785157447306
CGA,28.1937181360562
CGC,24.8320978814056
CGG,27.6508551393797
CGT,6.62921598228687
TCA,9.79730643358372
TCC,4.15680260625148
TCG,11.2868359686468
TCT,4.56759258105115
ACA,9.9299888679117
ACC,4.1445735021867
ACG,15.3501453860414
ACT,5.76071785629141
GTA,9.40865804629363
GTC,4.08871926071716
GTG,14.5183306333424
GTT,3.71447431026242
TGG,4.26895050052858
TAC,3.52632235064323
TAT,4.6851067927527
AGC,10.2749634635512
AGT,7.03090862103344
