Codon,Alpha
GCA,0.535819033473546
GCC,0.637964630391376
GCG,1.04574966718443
GCT,0.822754881594665
TGC,1.39068957906909
TGT,0.43764628158163
GAC,0.683666341732423
GAT,0.331871666649811
GAA,0.543531901381893
GAG,0.527203255676506
TTC,0.515059604557203
TTT,0.662703467400118
GGA,0.296056076693376
GGC,0.448380576906422
GGG,0.968210636442907
GGT,0.64776142037821
CAC,0.977823497974726
CAT,0.764274715269781
ATA,0.729622992442075
ATC,0.632408870301949
ATT,0.293370468720468
AAA,1.02838175336626
AAG,0.537291605116063
CTA,0.607908590901613
CTC,1.16379150102131
CTG,0.627541545624619
CTT,0.683239029123158
TTA,0.651104371607226
TTG,0.518027730103685
ATG,0.327327617995038
AAC,0.234141125153115
AAT,1.18595622279713
CCA,0.567455103560576
CCC,0.431453081965891
CCG,1.58410265525941
CCT,0.425395480571494
CAA,0.885458424227498
CAG,1.02220273244632
AGA,0.535418911623407
AGG,0.90947492506602
CGA,1.01990795472956
CGC,0.704926854512361
CGG,0.780924433808234
CGT,0.61789581318283
TCA,0.807875164221273
TCC,0.405656549979128
TCG,0.481848196798564
TCT,0.37999900367503
ACA,0.966949758432598
ACC,1.16183158997524
ACG,1.87534401248766
ACT,0.471920371592559
GTA,0.528851441491427
GTC,0.63401847528948
GTG,0.473954736114
GTT,0.609300820892643
TGG,0.764340111285815
TAC,0.531477288367664
TAT,1.16599653882578
AGC,0.476315704224437
AGT,0.776666077460373
