Codon,Alpha
GCA,411.824490346123
GCC,260.900394486777
GCG,700.949676290229
GCT,114.673576848951
TGC,2132.55983507231
TGT,506.524761708367
GAC,120.889013149286
GAT,144.051330120798
GAA,45.7105369115988
GAG,228.015025957135
TTC,404.818402016221
TTT,239.188327411038
GGA,1006.18635686978
GGC,392.235385856738
GGG,697.277308590072
GGT,73.0937300767875
CAC,333.199225589496
CAT,5076.96680857447
ATA,854.789833702975
ATC,238.302648077934
ATT,201.352205870165
AAA,100.901860358645
AAG,70.4263689290238
CTA,1057.93858851345
CTC,1086.35651524916
CTG,254.340428282255
CTT,1363.66547361882
TTA,210.627097881792
TTG,92.4778827345129
ATG,599.286594383509
AAC,127.159362543473
AAT,362.993253952343
CCA,159.299305266371
CCC,1565.1696881575
CCG,526.874588395586
CCT,388.974389033292
CAA,458.800998461022
CAG,630.430939900979
AGA,86.9114930326354
AGG,377.440878118923
CGA,32100.1866791551
CGC,972.668242366289
CGG,1906.16088498327
CGT,641.706811497925
TCA,1146.48924616595
TCC,552.101659604088
TCG,616.404301148588
TCT,286.551763010266
ACA,336.845913785473
ACC,279.652381365787
ACG,1283.77824023854
ACT,210.54078870809
GTA,671.149025942227
GTC,240.335065788846
GTG,1088.95043084134
GTT,205.004086996649
TGG,189.02844234019
TAC,114.197531869935
TAT,272.737735031571
AGC,851.477367458293
AGT,458.2289779548
