Codon,Alpha
GCA,55.8624900496323
GCC,32.4425278232368
GCG,132.055043105754
GCT,14.3169765946744
TGC,325.150355067048
TGT,111.336088341586
GAC,17.1031680472004
GAT,20.6763361119082
GAA,6.80561195415544
GAG,25.7450512838508
TTC,27.8331192526587
TTT,51.4808199315901
GGA,66.6192996632366
GGC,59.9275421945684
GGG,75.0391646802625
GGT,11.0442692859299
CAC,119.710709735485
CAT,136.203196484207
ATA,114.457464682497
ATC,24.0578425897482
ATT,20.4115568176599
AAA,15.7993378282687
AAG,10.7440320102536
CTA,108.654166169376
CTC,201.909198333048
CTG,85.0735335385009
CTT,104.319081127495
TTA,67.4554825164465
TTG,13.08434036717
ATG,34.907406520447
AAC,23.1159401038175
AAT,28.1672908345254
CCA,15.6742019543449
CCC,257.970020515903
CCG,162.690142671811
CCT,75.6379545102967
CAA,53.9415762194798
CAG,115.438607472445
AGA,18.0560305844332
AGG,80.9712953229636
CGA,231.128718939586
CGC,178.704035325027
CGG,179.569761420308
CGT,179.982358480268
TCA,96.6847939533569
TCC,52.6829112260463
TCG,100.011394355613
TCT,34.1286389786547
ACA,104.800686078558
ACC,34.4826174688312
ACG,133.400141242814
ACT,35.357585470446
GTA,70.3326263767334
GTC,30.4192722139705
GTG,85.7445003510228
GTT,22.7858474495418
TGG,48.833607906373
TAC,20.7546897856016
TAT,56.3093573899387
AGC,120.50629569947
AGT,74.9237772177857
