Codon,Alpha
GCA,1.28515048027039
GCC,1.11274877786636
GCG,0.940925168991089
GCT,1.18263256549835
TGC,1.26000652313232
TGT,1.28448648452759
GAC,2.26443259716034
GAT,0.536223602294922
GAA,1.60796871185303
GAG,1.25677077770233
TTC,1.14622365236282
TTT,1.1086651802063
GGA,2.21510591506958
GGC,1.42934547662735
GGG,2.30087225437164
GGT,1.40248630046844
CAC,0.905759012699127
CAT,0.599359226226807
ATA,0.974743342399597
ATC,2.56352405548096
ATT,1.21029434204102
AAA,1.46598381996155
AAG,1.0506730556488
CTA,0.48706334233284
CTC,1.26674637794495
CTG,1.4361715555191
CTT,0.808005619049072
TTA,0.718993830680847
TTG,0.884992933273315
ATG,1.48016231060028
AAC,1.10415496826172
AAT,1.12789286375046
CCA,2.56123294830322
CCC,0.717142724990845
CCG,1.40412931442261
CCT,1.32134835720062
CAA,1.07541637420654
CAG,2.672332239151
AGA,2.40661072731018
AGG,6.37331838607788
CGA,1.26363170146942
CGC,1.03430635929108
CGG,1.30777475833893
CGT,1.28594074249268
TCA,0.90174765586853
TCC,1.07489497661591
TCG,1.84605569839478
TCT,0.895700311660767
ACA,1.57851467132568
ACC,1.0082440495491
ACG,1.26620583534241
ACT,1.20189583301544
GTA,1.96778523921967
GTC,1.02615056037903
GTG,0.686690425872803
GTT,0.869241344928741
TGG,1.41574540138245
TAC,1.54904470443726
TAT,2.41383571624756
AGC,1.50984311103821
AGT,1.14092192649841
